Season,event_team,home_skaters,away_skaters,event_player_1,event_player_2
2015,BOS,5,5,Hilary Knight,Alyssa Gagliardi
2015,BOS,5,5,Hilary Knight,Kacey Bellamy
2015,BOS,5,5,Jordan Smelker,Brianna Decker
2015,BOS,5,4,Amanda Pelkey,Kacey Bellamy
2015,BUF,5,5,Kelley Steadman,Meghan Duggan
2015,BOS,5,5,Zoe Hickel,NA
2015,BOS,5,5,Brianna Decker,Jordan Smelker
2015,BOS,5,4,Brianna Decker,Corinne Buie
2015,MET,5,4,Gabie Figueroa,NA
2015,BOS,5,5,Zoe Hickel,Amanda Pelkey
2015,BOS,5,5,Corinne Buie,Blake Bolden
2015,BOS,5,5,Blake Bolden,Hilary Knight
2015,BOS,4,5,Jordan Smelker,Brianna Decker
2015,BOS,5,5,Brianna Decker,NA
2015,BUF,5,5,Kelley Steadman,Meghan Duggan
2015,BOS,5,5,Brianna Decker,Jordan Smelker
2015,BOS,5,5,Emily Field,Rachel Llanes
2015,BUF,4,5,Kelley Steadman,Kourtney Kunichika
2015,BOS,5,3,Gigi Marvin,Kacey Bellamy
2015,BUF,6,3,Kourtney Kunichika,Megan Bozek
2015,BOS,6,5,Brianna Decker,NA
2015,BOS,4,4,Hilary Knight,Emily Field
2015,MET,5,5,Madison Packer,Moran Fritz-Ward
2015,MET,5,5,Beth Hanrahan,Ashley Johnston
2015,MET,4,5,Bray Ketchum,Brooke Ammerman
2015,BOS,5,3,Kacey Bellamy,Hilary Knight
2015,MET,5,5,Brooke Ammerman,Janine Weber
2015,MET,5,5,Madison Packer,NA
2015,BOS,5,4,Hilary Knight,Brianna Decker
2015,MET,5,5,Meghan Fardelmann,Taylor Holze
2015,BOS,5,4,Amanda Pelkey,Hilary Knight
2015,CTW,5,5,Shiann Darkangelo,NA
2015,CTW,4,5,Shannon Doyle,Kate Buesser
2015,CTW,5,5,Shiann Darkangelo,Jordan Brickner
2015,CTW,5,4,Molly Engstrom,Shannon Doyle
2015,BOS,5,5,Rachel Llanes,NA
2015,BOS,5,4,Amanda Pelkey,Brianna Decker
2015,BOS,5,4,Kacey Bellamy,Brianna Decker
2015,BOS,5,5,Jillian Dempsey,Rachel Llanes
2015,BOS,5,5,Jillian Dempsey,Rachel Llanes
2015,BUF,4,5,Devon Skeats,Hailey Browne
2015,BOS,5,5,Jordan Smelker,Hilary Knight
2015,BOS,5,5,Hilary Knight,NA
2015,BOS,5,5,Emily Field,Hilary Knight
2015,BUF,5,5,Devon Skeats,NA
2015,BUF,5,5,Kourtney Kunichika,Hailey Browne
2015,BOS,5,4,Amanda Pelkey,Brianna Decker
2015,BUF,4,5,Hailey Browne,Devon Skeats
2015,BUF,4,5,Devon Skeats,Hailey Browne
2015,BOS,5,5,Rachel Llanes,Kelly Cooke
2015,BUF,5,5,Emily Pfalzer,Shelby Bram
2015,BOS,5,5,Jillian Dempsey,Blake Bolden
2015,BOS,5,6,Hilary Knight,NA
2015,MET,5,5,Meghan Fardelmann,Ashley Johnston
2015,BOS,5,5,Amanda Pelkey,Brianna Decker
2015,BOS,5,6,Hilary Knight,Corinne Buie
2015,BOS,5,5,Hilary Knight,Jordan Smelker
2015,BOS,5,5,Kelly Cooke,Jillian Dempsey
2015,CTW,5,4,Kate Buesser,Jessica Koizumi
2015,BOS,5,5,Emily Field,Blake Bolden
2015,BUF,5,5,Hailey Browne,Kourtney Kunichika
2015,BOS,5,5,Jordan Smelker,Jillian Dempsey
2015,BOS,5,5,Hilary Knight,Marissa Gedman
2015,BUF,5,5,Hailey Browne,Kelly McDonald
2015,BOS,4,5,Brianna Decker,Hilary Knight
2015,BUF,5,5,Devon Skeats,Kourtney Kunichika
2015,BUF,5,5,Megan Bozek,Emily Pfalzer
2015,BOS,5,5,Jillian Dempsey,Amanda Pelkey
2015,BOS,5,5,Rachel Llanes,Corinne Buie
2015,BOS,5,4,Brianna Decker,Hilary Knight
2015,BOS,5,5,Corinne Buie,Emily Field
2015,BOS,5,5,Hilary Knight,Brianna Decker
2015,BOS,5,5,Amanda Pelkey,Jillian Dempsey
2015,BOS,5,5,Jillian Dempsey,Hilary Knight
2015,BOS,5,5,Jordan Smelker,Blake Bolden
2015,MET,5,5,Bray Ketchum,Brooke Ammerman
2015,CTW,5,5,Tara Tomimoto,Kelli Stack
2015,BOS,5,5,Jordan Smelker,Hilary Knight
2015,BOS,5,5,Gigi Marvin,Kacey Bellamy
2015,BOS,5,5,Amanda Pelkey,NA
2015,BOS,5,5,Hilary Knight,Marissa Gedman
2015,BOS,5,5,Gigi Marvin,Brianna Decker
2015,BOS,5,5,Jordan Smelker,Gigi Marvin
2015,BOS,5,5,Hilary Knight,Jordan Smelker
2015,CTW,5,5,Kelli Stack,Brittany Dougherty
2015,BOS,5,4,Brianna Decker,Hilary Knight
2015,BOS,5,5,Hilary Knight,Brianna Decker
2015,CTW,5,4,Kelly Babstock,Jessica Koizumi
2015,BOS,5,4,Kelly Cooke,Alyssa Gagliardi
2015,MET,5,4,Ludmila Belyakova,Bray Ketchum
2015,BOS,4,5,Jillian Dempsey,Amanda Pelkey
2015,BOS,5,5,Gigi Marvin,Jillian Dempsey
2015,BOS,5,5,Zoe Hickel,Alyssa Gagliardi
2015,BOS,5,5,Brianna Decker,Jordan Smelker
2015,BOS,5,5,Hilary Knight,Brianna Decker
2015,BOS,5,5,Jordan Smelker,Jillian Dempsey
2015,BOS,5,5,Brianna Decker,Alyssa Gagliardi
2015,CTW,5,5,Brittany Dougherty,NA
2015,BOS,5,5,Jordan Smelker,Hilary Knight
2015,CTW,5,5,Kelly Babstock,Jordan Brickner
2015,BOS,5,5,Gigi Marvin,Jordan Smelker
2015,CTW,5,5,Micaela Long,Kelly Babstock
2015,BOS,5,5,Brianna Decker,Hilary Knight
2015,CTW,5,4,Micaela Long,Jordan Brickner
2015,CTW,5,5,Kelli Stack,NA
2015,BOS,5,4,Brianna Decker,Hilary Knight
2015,BOS,5,4,Emily Field,Kacey Bellamy
2015,BOS,5,5,Hilary Knight,Brianna Decker
2015,BOS,6,5,Brianna Decker,NA
2015,BUF,5,5,Hailey Browne,Tatiana Rafter
2015,BOS,5,5,Corinne Buie,Kacey Bellamy
2015,BOS,5,5,Brianna Decker,Hilary Knight
2015,BUF,5,4,Meghan Duggan,Megan Bozek
2015,BOS,5,5,Jillian Dempsey,Zoe Hickel
2015,CTW,5,5,Alyssa Wohlfeiler,Lindsay Berman
2015,BUF,4,5,Meghan Duggan,Kelley Steadman
2015,CTW,4,5,Sam Faber,Kaleigh Fratkin
2015,CTW,4,5,Kate Buesser,Kaleigh Fratkin
2015,BUF,5,5,Kelley Steadman,Meghan Duggan
2015,CTW,4,5,Molly Engstrom,Kelli Stack
2015,CTW,5,5,Kaleigh Fratkin,Shiann Darkangelo
2015,CTW,5,4,Kelly Babstock,NA
2015,CTW,5,5,Kelli Stack,Jessica Koizumi
2015,BUF,5,5,Devon Skeats,Shelby Bram
2015,BUF,5,5,Kourtney Kunichika,Hailey Browne
2015,CTW,5,5,Danielle Ward,Alyssa Wohlfeiler
2015,CTW,5,5,Sam Faber,Jordan Brickner
2015,CTW,3,5,Kaleigh Fratkin,Jordan Brickner
2015,CTW,3,5,Kaleigh Fratkin,Kelly Babstock
2015,CTW,4,5,Kelly Babstock,Kaleigh Fratkin
2015,BUF,5,5,Kelley Steadman,Kelly McDonald
2015,CTW,5,5,Jessica Koizumi,Kelli Stack
2015,CTW,5,5,Shiann Darkangelo,Danielle Ward
2015,BUF,5,5,Kourtney Kunichika,Meghan Duggan
2015,BUF,5,3,Kelley Steadman,Emily Pfalzer
2015,BUF,5,4,Kourtney Kunichika,Kelly McDonald
2015,BUF,5,4,Meghan Duggan,Shelby Bram
2015,BUF,5,5,Hayley Williams,Kelley Steadman
2015,MET,5,5,Madison Packer,NA
2015,BUF,5,5,Devon Skeats,Megan Bozek
2015,BUF,5,5,Devon Skeats,Kourtney Kunichika
2015,BUF,6,5,Hailey Browne,NA
2015,BUF,5,5,Meghan Duggan,Erin Zach
2015,BUF,3,4,Shelby Bram,Kelly McDonald
2015,CTW,5,4,Sam Faber,Jaimie Leonoff
2015,CTW,5,5,Kaleigh Fratkin,Shiann Darkangelo
2015,MET,5,5,Janine Weber,Ashley Johnston
2015,BUF,5,5,Kelley Steadman,NA
2015,MET,5,5,Meghan Fardelmann,NA
2015,MET,5,5,Ludmila Belyakova,Sydney Kidd
2015,MET,5,4,Ludmila Belyakova,NA
2015,MET,5,4,Meghan Fardelmann,Moran Fritz-Ward
2015,BUF,4,5,Kourtney Kunichika,Kelley Steadman
2015,BUF,5,5,Devon Skeats,NA
2015,MET,5,4,Janine Weber,Elena Orlando
2015,MET,5,5,Meghan Fardelmann,Ludmila Belyakova
2015,CTW,5,5,Danielle Ward,Yekaterina Smolentseva
2015,CTW,5,5,Yekaterina Smolentseva,Kaleigh Fratkin
2015,CTW,5,5,Yekaterina Smolentseva,Micaela Long
2015,BUF,4,4,Kelley Steadman,Meghan Duggan
2015,CTW,4,5,Kelli Stack,NA
2015,BUF,5,5,Kelley Steadman,Hayley Williams
2015,BUF,5,5,Meghan Duggan,Kelley Steadman
2015,CTW,5,4,Kelli Stack,Kelly Babstock
2015,BUF,5,5,Kourtney Kunichika,Hailey Browne
2015,MET,5,5,Ludmila Belyakova,Beth Hanrahan
2015,BUF,5,5,Megan Bozek,Hailey Browne
2015,MET,5,4,Bray Ketchum,Madison Packer
2015,MET,5,5,Moran Fritz-Ward,Celeste Brown
2015,MET,5,4,Bray Ketchum,Brooke Ammerman
2015,MET,5,3,Moran Fritz-Ward,Brooke Ammerman
2015,BUF,5,5,Emily Pfalzer,Shelby Bram
2015,BUF,5,5,Tatiana Rafter,Hannah McGowan
2015,BUF,4,5,Kourtney Kunichika,Devon Skeats
2015,BUF,5,3,Kelley Steadman,Meghan Duggan
2015,BUF,5,4,Kelley Steadman,Meghan Duggan
2015,MET,5,5,Beth Hanrahan,Ludmila Belyakova
2015,MET,5,6,Bray Ketchum,Brooke Ammerman
2015,BUF,5,5,Shelby Bram,Megan Bozek
2015,BUF,5,6,Erin Zach,Kelley Steadman
2015,CTW,5,5,Alyssa Wohlfeiler,Micaela Long
2015,BUF,5,5,Shelby Bram,Kelly McDonald
2015,BUF,5,4,Hannah McGowan,Hayley Williams
2015,CTW,5,5,Kate Buesser,Kelli Stack
2015,CTW,5,5,Molly Engstrom,Kelly Babstock
2015,MET,5,5,Meghan Fardelmann,Ludmila Belyakova
2015,BUF,5,5,Devon Skeats,Megan Bozek
2015,BUF,5,5,Shelby Bram,Erin Zach
2015,MET,5,4,Moran Fritz-Ward,Brooke Ammerman
2015,BUF,5,5,Kelley Steadman,Erin Zach
2015,MET,5,5,Bray Ketchum,Brooke Ammerman
2015,BUF,5,5,Megan Bozek,Hayley Williams
2015,BUF,4,4,Meghan Duggan,Megan Bozek
2015,BUF,5,5,Tatiana Rafter,Hannah McGowan
2015,BUF,5,5,Kourtney Kunichika,Devon Skeats
2015,BUF,5,6,Kelley Steadman,Meghan Duggan
2015,CTW,5,5,Jessica Koizumi,Kelly Babstock
2015,MET,5,5,Brooke Ammerman,Ludmila Belyakova
2015,CTW,5,5,Kelli Stack,Kaleigh Fratkin
2015,CTW,5,5,Kelly Babstock,Kelli Stack
2015,CTW,5,5,Shiann Darkangelo,Micaela Long
2015,CTW,4,5,Alyssa Wohlfeiler,Danielle Ward
2015,MET,5,3,Ashley Johnston,Meghan Fardelmann
2015,CTW,5,5,Kaleigh Fratkin,Kelli Stack
2015,CTW,6,5,Kelly Babstock,NA
2015,MET,5,5,Bray Ketchum,Brooke Ammerman
2015,MET,5,5,Bray Ketchum,Janine Weber
2015,MET,5,5,Moran Fritz-Ward,NA
2015,CTW,5,5,Yekaterina Smolentseva,Danielle Ward
2015,CTW,5,5,Shiann Darkangelo,Kelly Babstock
2015,CTW,5,5,Shiann Darkangelo,Kelly Babstock
2015,CTW,5,4,Kelly Babstock,Yekaterina Smolentseva
2015,CTW,5,4,Shiann Darkangelo,NA
2015,CTW,5,5,Shiann Darkangelo,Jordan Brickner
2015,CTW,5,5,Shannon Doyle,Kaleigh Fratkin
2015,CTW,5,4,Kelly Babstock,Alyssa Wohlfeiler
2015,MET,6,4,Ludmila Belyakova,Celeste Brown
2015,CTW,6,5,Kelli Stack,NA
2015,CTW,5,5,Shiann Darkangelo,Kelli Stack
2015,MET,5,4,Janine Weber,NA
2015,CTW,5,5,Danielle Ward,Yekaterina Smolentseva
2015,CTW,5,5,Danielle Ward,Brittany Dougherty
2015,MET,4,5,Brooke Ammerman,Bray Ketchum
2015,CTW,5,5,Kelli Stack,Kelly Babstock
2015,MET,5,5,Brooke Ammerman,Amber Moore
2015,CTW,5,5,Danielle Ward,Jordan Brickner
2015,MET,3,4,Bray Ketchum,Brooke Ammerman
2015,CTW,5,5,Shiann Darkangelo,Kelli Stack
2015,CTW,5,4,Kelly Babstock,Kelli Stack
2015,MET,4,5,Kiira Dosdall,Brooke Ammerman
2015,CTW,5,6,Micaela Long,NA
2016,BOS,5,5,Alex Carpenter,Brianna Decker
2016,BOS,5,5,Jillian Dempsey,Alex Carpenter
2016,BOS,5,5,Rachel Llanes,Amanda Pelkey
2016,BOS,5,5,Amanda Pelkey,Emily Field
2016,BUF,4,5,Harrison Browne,NA
2016,BOS,5,5,Alex Carpenter,Jillian Dempsey
2016,MET,5,5,Miye D'Oench,Amanda Kessel
2016,BOS,4,4,Brianna Decker,Zoe Hickel
2016,BOS,5,4,Blake Bolden,Alex Carpenter
2016,BOS,5,5,Brianna Decker,Jordan Smelker
2016,BOS,5,5,Rachel Llanes,Alyssa Gagliardi
2016,MET,3,5,Milica McMillen,Amanda Kessel
2016,MET,5,5,Tatiana Rafter,Rebecca Russo
2016,BOS,4,5,Emily Field,NA
2016,BOS,5,5,Jordan Smelker,Brianna Decker
2016,BUF,4,5,Shiann Darkangelo,Sarah Casorso
2016,MET,5,5,Bray Ketchum,Janine Weber
2016,BOS,5,5,Zoe Hickel,Brianna Decker
2016,BOS,5,5,Alex Carpenter,Meghan Duggan
2016,BOS,5,5,Amanda Pelkey,Blake Bolden
2016,BOS,5,5,Brianna Decker,NA
2016,BOS,5,5,Gigi Marvin,Alex Carpenter
2016,BOS,5,4,Meghan Duggan,Blake Bolden
2016,BOS,5,4,Jordan Smelker,Kacey Bellamy
2016,BOS,5,5,Hilary Knight,Jordan Smelker
2016,BOS,5,5,Alexandra Bender,Kacey Bellamy
2016,BOS,4,4,Meghan Duggan,Alex Carpenter
2016,BOS,4,5,Gigi Marvin,Meghan Duggan
2016,BOS,5,5,Rachel Llanes,Amanda Pelkey
2016,BOS,5,5,Alex Carpenter,Jillian Dempsey
2016,CTW,5,5,Dana Trivigno,Molly Engstrom
2016,BOS,5,5,Emily Field,Rachel Llanes
2016,BOS,5,5,Jillian Dempsey,NA
2016,CTW,5,5,Kelli Stack,NA
2016,BOS,5,4,Brianna Decker,Zoe Hickel
2016,BOS,5,5,Brianna Decker,Jordan Smelker
2016,BOS,5,6,Brianna Decker,Alex Carpenter
2016,BOS,5,5,Meghan Duggan,Jillian Dempsey
2016,BOS,5,4,Alex Carpenter,NA
2016,MET,5,5,Bray Ketchum,Janine Weber
2016,MET,5,5,Ashley Johnston,Alexa Gruschow
2016,BOS,5,5,Jillian Dempsey,Alex Carpenter
2016,BOS,5,5,Alex Carpenter,Zoe Hickel
2016,BOS,5,5,Jillian Dempsey,Amanda Pelkey
2016,BOS,4,5,Hilary Knight,Alyssa Gagliardi
2016,BOS,5,5,Hilary Knight,Brianna Decker
2016,MET,5,4,Janine Weber,Amanda Kessel
2016,BOS,5,5,Meghan Duggan,Alex Carpenter
2016,BOS,5,5,Meghan Duggan,Alex Carpenter
2016,BOS,5,5,Alex Carpenter,Gigi Marvin
2016,BOS,5,5,Meghan Duggan,Alexandra Bender
2016,BOS,5,5,Jillian Dempsey,Meghan Duggan
2016,BOS,5,5,Brianna Decker,Jordan Smelker
2016,BOS,5,5,Gigi Marvin,Jillian Dempsey
2016,BOS,5,4,Brianna Decker,Gigi Marvin
2016,CTW,5,5,Haley Skarupa,Dana Trivigno
2016,BOS,5,5,Meghan Duggan,Emily Field
2016,CTW,5,4,Haley Skarupa,Cydney Roesler
2016,CTW,4,5,Haley Skarupa,Nicole Connery
2016,CTW,5,5,Kelli Stack,Sam Faber
2016,BOS,5,5,Alex Carpenter,Meghan Duggan
2016,CTW,4,5,Haley Skarupa,Kelli Stack
2016,CTW,5,5,Micaela Long,Shannon Doyle
2016,BOS,5,5,Kacey Bellamy,Alexandra Bender
2016,BOS,5,5,Meghan Duggan,Alex Carpenter
2016,BOS,5,3,Brianna Decker,Alex Carpenter
2016,BOS,5,4,Meghan Duggan,Blake Bolden
2016,BOS,5,5,Alexandra Bender,Hilary Knight
2016,BUF,5,5,Emily Janiga,NA
2016,BOS,5,5,Meghan Duggan,Alex Carpenter
2016,BOS,5,5,Hilary Knight,Brianna Decker
2016,CTW,5,5,Nicole Kosta,Kelly Babstock
2016,BOS,5,5,Brianna Decker,Hilary Knight
2016,CTW,5,5,Kelli Stack,Haley Skarupa
2016,CTW,5,5,Kelly Babstock,Haley Skarupa
2016,CTW,5,4,Zoe Hickel,Dana Trivigno
2016,BOS,4,4,Jordan Smelker,Alexandra Bender
2016,BOS,4,4,Hilary Knight,NA
2016,BOS,5,4,Gigi Marvin,Brianna Decker
2016,BOS,5,5,Emily Field,Brianna Decker
2016,MET,5,5,Amanda Kessel,Janine Weber
2016,MET,5,5,Tatiana Rafter,Lauren Wash
2016,BOS,5,5,Hilary Knight,Alyssa Gagliardi
2016,MET,4,5,Amanda Kessel,Courtney Burke
2016,BOS,5,5,Meghan Duggan,Brianna Decker
2016,BOS,5,5,Hilary Knight,Gigi Marvin
2016,BOS,5,3,Brianna Decker,Kacey Bellamy
2016,BOS,5,5,Hilary Knight,Brianna Decker
2016,BOS,5,5,Kacey Bellamy,Alex Carpenter
2016,BOS,5,5,Brianna Decker,Alyssa Gagliardi
2016,BOS,5,5,Alex Carpenter,Brianna Decker
2016,BUF,5,5,Kourtney Kunichika,Ashley Vesci
2016,BOS,5,5,Brianna Decker,Alex Carpenter
2016,BOS,5,5,Kacey Bellamy,Meghan Duggan
2016,BOS,5,5,Jillian Dempsey,NA
2016,MET,5,5,Janine Weber,NA
2016,MET,5,5,Milica McMillen,Rebecca Russo
2016,BOS,4,5,Brianna Decker,Hilary Knight
2016,BOS,5,5,Meghan Duggan,Jillian Dempsey
2016,MET,5,4,Madison Packer,Amanda Kessel
2016,CTW,5,5,Haley Skarupa,Nicole Connery
2016,BUF,5,5,Megan Bozek,Shiann Darkangelo
2016,CTW,5,5,Kelly Babstock,Haley Skarupa
2016,CTW,5,5,Haley Skarupa,Kelly Babstock
2016,BUF,5,4,Emily Janiga,Emily Pfalzer
2016,CTW,4,4,Haley Skarupa,Kelly Babstock
2016,BUF,5,5,Kelley Steadman,Shiann Darkangelo
2016,BUF,5,4,Kourtney Kunichika,Anne Schleper
2016,BUF,5,5,Kelley Steadman,NA
2016,CTW,5,5,Nicole Connery,Kelli Stack
2016,CTW,5,5,Haley Skarupa,Kelli Stack
2016,CTW,5,5,Dana Trivigno,Ivana Bilic
2016,CTW,5,5,Haley Skarupa,Kelli Stack
2016,BUF,5,5,Emily Janiga,Lisa Chesson
2016,CTW,5,5,Kelli Stack,Kelly Babstock
2016,BUF,5,5,Devon Skeats,Megan Bozek
2016,BUF,5,5,Kelley Steadman,Shiann Darkangelo
2016,BUF,5,5,Kelley Steadman,Kourtney Kunichika
2016,CTW,5,5,Jordan Brickner,NA
2016,BUF,5,5,Corinne Buie,NA
2016,CTW,6,5,Kelly Babstock,Nicole Kosta
2016,MET,5,5,Rebecca Russo,Tatiana Rafter
2016,BUF,5,5,Corinne Buie,Kourtney Kunichika
2016,BUF,5,5,Emily Janiga,Devon Skeats
2016,MET,4,4,Kaleigh Fratkin,Kiira Dosdall
2016,MET,5,5,Miye D'Oench,Kaleigh Fratkin
2016,MET,5,4,Janine Weber,Miye D'Oench
2016,MET,4,5,Milica McMillen,Janine Weber
2016,BUF,5,4,Corinne Buie,Kourtney Kunichika
2016,BUF,5,4,Megan Bozek,Kelley Steadman
2016,BUF,5,4,Corinne Buie,Megan Bozek
2016,MET,5,5,Madison Packer,Rebecca Russo
2016,BUF,5,5,Shiann Darkangelo,Kelley Steadman
2016,BUF,5,5,Devon Skeats,Emily Janiga
2016,BUF,5,5,Jacquie Greco,Kourtney Kunichika
2016,MET,5,4,Alexa Gruschow,Kaleigh Fratkin
2016,MET,5,5,Madison Packer,Alexa Gruschow
2016,BUF,5,5,Emily Pfalzer,Devon Skeats
2016,BUF,5,5,Shiann Darkangelo,NA
2016,MET,5,4,Kiira Dosdall,Bray Ketchum
2016,BUF,5,5,Megan Bozek,Shiann Darkangelo
2016,CTW,5,5,Nicole Kosta,NA
2016,CTW,5,5,Kelli Stack,Ivana Bilic
2016,CTW,5,5,Sam Faber,Micaela Long
2016,CTW,5,5,Nicole Kosta,Nicole Connery
2016,BUF,3,5,Corinne Buie,Emily Pfalzer
2016,CTW,5,5,Kelli Stack,Dana Trivigno
2016,CTW,5,5,Sam Faber,Shannon Doyle
2016,BUF,5,5,Kelley Steadman,Kourtney Kunichika
2016,BUF,5,5,Devon Skeats,Emily Janiga
2016,BUF,5,4,Harrison Browne,Kourtney Kunichika
2016,CTW,5,4,Meghan   Huertas,Sam Faber
2016,CTW,5,5,Dana Trivigno,Kaliya Johnson
2016,CTW,5,5,Micaela Long,Sam Faber
2016,BUF,4,5,Corinne Buie,Kelley Steadman
2016,CTW,4,4,Meagan Mangene,Nicole Kosta
2016,BUF,5,5,Emily Janiga,Emily Pfalzer
2016,BUF,5,5,Devon Skeats,Kourtney Kunichika
2016,CTW,5,5,Kelli Stack,Cydney Roesler
2016,MET,5,5,Michelle Picard,Miye D'Oench
2016,MET,5,5,Janine Weber,Lauren Wash
2016,MET,5,5,Kiira Dosdall,Rebecca Russo
2016,MET,5,5,Lauren Wash,Milica McMillen
2016,BUF,5,4,Megan Bozek,NA
2016,BUF,5,5,Corinne Buie,Emily Janiga
2016,MET,5,5,Amanda Kessel,Kiira Dosdall
2016,BUF,5,4,Shiann Darkangelo,Harrison Browne
2016,MET,4,5,Amanda Kessel,Courtney Burke
2016,MET,5,5,Janine Weber,Amanda Kessel
2016,MET,5,5,Alexa Gruschow,Amanda Kessel
2016,MET,5,5,Tatiana Rafter,Kiira Dosdall
2016,BUF,5,5,Shiann Darkangelo,Emily Janiga
2016,BUF,5,5,Corinne Buie,Kourtney Kunichika
2016,CTW,5,4,Nicole Connery,Meghan   Huertas
2016,BUF,5,4,Megan Bozek,Corinne Buie
2016,CTW,5,5,Haley Skarupa,Shannon Doyle
2016,CTW,4,5,Nicole Kosta,Sam Faber
2016,BUF,5,5,Emily Janiga,Megan Bozek
2016,CTW,5,5,Kelli Stack,Shannon Doyle
2016,MET,5,5,Miye D'Oench,Madison Packer
2016,CTW,4,5,Nicole Connery,Nicole Kosta
2016,CTW,5,5,Nicole Kosta,Kelly Babstock
2016,MET,5,5,Courtney Burke,Rebecca Russo
2016,CTW,4,4,Molly Engstrom,Haley Skarupa
2016,CTW,5,5,Kelly Babstock,Haley Skarupa
2016,MET,5,5,Miye D'Oench,Michelle Picard
2016,MET,5,5,Rebecca Russo,Madison Packer
2016,MET,5,5,Rebecca Russo,Madison Packer
2016,MET,5,6,Janine Weber,Miye D'Oench
2016,CTW,5,5,Kelly Babstock,Nicole Kosta
2016,MET,5,5,Taylor Holze,Rebecca Russo
2016,MET,5,5,Ashley Johnston,Alexa Gruschow
2016,CTW,5,5,Kelly Babstock,Nicole Connery
2016,CTW,5,4,Kelly Babstock,NA
2016,CTW,5,5,Nicole Connery,Nicole Kosta
2016,MET,5,5,Courtney Burke,Janine Weber
2016,MET,5,5,Madison Packer,Janine Weber
2016,CTW,5,5,Micaela Long,Nicole Kosta
2016,CTW,5,5,Kelly Babstock,NA
2016,MET,5,5,Tatiana Rafter,Miye D'Oench
2016,MET,5,5,Tatiana Rafter,Bray Ketchum
2016,CTW,5,5,Haley Skarupa,Micaela Long
2016,CTW,5,5,Nicole Kosta,Micaela Long
2016,MET,5,5,Tatiana Rafter,Rebecca Russo
2016,MET,4,5,Madison Packer,Courtney Burke
2016,MET,4,5,Madison Packer,Courtney Burke
2016,MET,5,5,Janine Weber,Miye D'Oench
2016,CTW,5,5,Cydney Roesler,Kelli Stack
2016,MET,5,5,Madison Packer,Alexa Gruschow
2016,MET,5,5,Janine Weber,Miye D'Oench
2016,CTW,5,4,Sam Faber,Nicole Kosta
2016,CTW,5,5,Zoe Hickel,Nicole Connery
2016,CTW,5,5,Kelly Babstock,Meagan Mangene
2016,CTW,5,5,Kelli Stack,Nicole Connery
2016,CTW,5,5,Zoe Hickel,Kaliya Johnson
2016,MET,4,5,Janine Weber,Amanda Kessel
2016,CTW,5,5,Kelli Stack,Haley Skarupa
2016,MET,5,4,Madison Packer,Amanda Kessel
2016,MET,5,5,Janine Weber,Amanda Kessel
2016,MET,5,5,Michelle Picard,Rebecca Russo
2016,MET,5,4,Miye D'Oench,Kaleigh Fratkin
2016,MET,5,5,Courtney Burke,Amanda Kessel
2017,MET,4,5,Harrison Browne,NA
2017,MET,5,5,Miye D'Oench,Kelsey  Koelzer
2017,MET,5,5,Alexa Gruschow,Miye D'Oench
2017,BOS,5,5,Meagan Mangene,Heather  Schwarz
2017,MET,5,6,Rebecca Russo,NA
2017,BOS,5,4,Heather  Schwarz,Meagan Mangene
2017,CTW,4,5,Jamie Goldsmith,Shannon Doyle
2017,CTW,5,5,Emily Fluke,Kelly Babstock
2017,BUF,5,5,Kaylyn  Schroka,Kristin Lewicki
2017,BUF,5,4,Taylor Accursi,Corinne Buie
2017,BUF,5,5,Maddie  Elia,Kourtney Kunichika
2017,BUF,5,5,Corinne Buie,Hayley  Scamurra
2017,BOS,5,5,Haley Skarupa,Janine Weber
2017,BUF,5,5,Taylor Accursi,Kourtney Kunichika
2017,BOS,5,5,Jillian Dempsey,Alyssa Gagliardi
2017,BOS,5,5,Mary Parker,Paige Harrington
2017,BOS,4,5,Jillian Dempsey,Alyssa Gagliardi
2017,CTW,5,5,Emily Fluke,Amanda Boulier
2017,BOS,5,5,Haley Skarupa,Jordan Smelker
2017,BOS,5,5,Emily Field,Dana Trivigno
2017,CTW,5,5,Kelly Babstock,Sam Faber
2017,CTW,5,5,Sam Faber,Emily Fluke
2017,BUF,4,5,Rebecca  Vint,Kaylyn  Schroka
2017,BOS,5,5,Alyssa Gagliardi,Janine Weber
2017,BOS,5,4,Jordan Smelker,Alyssa Gagliardi
2017,BOS,5,4,Alyssa Gagliardi,Jillian Dempsey
2017,BUF,5,5,Sarah  Edney,NA
2017,BOS,5,5,Emily Field,Jillian Dempsey
2017,BOS,5,5,Jillian Dempsey,Dana Trivigno
2017,BOS,5,5,Jillian Dempsey,Emily Field
2017,BOS,5,5,Dana Trivigno,Emily Field
2017,CTW,5,5,Kelly Babstock,Sam Faber
2017,BOS,5,5,Dana Trivigno,Kaleigh Fratkin
2017,MET,5,5,Miye D'Oench,Alexa Gruschow
2017,MET,4,5,Jenny Ryan,Courtney Burke
2017,MET,5,5,Alexa Gruschow,Bray Ketchum
2017,BOS,5,5,Janine Weber,Kathryn Tomaselli
2017,MET,4,5,Erika  Lawler,Madison Packer
2017,BOS,5,5,Meagan Mangene,Corey  Stearns
2017,BUF,5,5,Jess Jones,Taylor Accursi
2017,BOS,5,5,Janine Weber,Kathryn Tomaselli
2017,BUF,5,5,Hayley  Scamurra,Kourtney Kunichika
2017,BOS,5,5,Janine Weber,Paige Harrington
2017,BUF,5,5,Kaylyn  Schroka,NA
2017,MET,5,4,Alexa Gruschow,Jenny Ryan
2017,BOS,5,5,Jillian Dempsey,Mary Parker
2017,MET,5,5,Kelsey  Koelzer,Kiira Dosdall
2017,MET,5,5,Madison Packer,Alexa Gruschow
2017,MET,5,4,Rebecca Morse,Kelsey  Koelzer
2017,MET,5,5,Harrison Browne,Rebecca Russo
2017,MET,5,5,Bray Ketchum,Kiira Dosdall
2017,MET,5,5,Madison Packer,Rebecca Russo
2017,BOS,4,5,Dana Trivigno,Jordan Smelker
2017,BOS,5,5,Sydney   Daniels,Alyssa Gagliardi
2017,CTW,5,5,Jordan Brickner,Emily Fluke
2017,BOS,5,5,Sydney   Daniels,Kaleigh Fratkin
2017,CTW,5,5,Jamie Goldsmith,Kaycie Anderson
2017,BUF,5,5,Kristin Lewicki,Kaylyn  Schroka
2017,BUF,5,5,Maddie  Elia,Hayley  Scamurra
2017,BUF,5,5,Hayley  Scamurra,Maddie  Elia
2017,BUF,4,5,Kourtney Kunichika,Taylor Accursi
2017,BOS,5,5,Emily Field,Jillian Dempsey
2017,BUF,5,5,Kaylyn  Schroka,Jordyn Burns
2017,BOS,5,5,Jillian Dempsey,Emily Field
2017,BUF,4,5,Rebecca  Vint,Jess Jones
2017,BOS,5,5,Jordan Smelker,Dana Trivigno
2017,BOS,5,5,Jillian Dempsey,Mary Parker
2017,CTW,5,5,Emily Fluke,Emma Greco
2017,BOS,5,5,Jordan Smelker,Dana Trivigno
2017,CTW,5,5,Cydney Roesler,NA
2017,MET,5,5,Madison Packer,Erika  Lawler
2017,MET,5,5,Madison Packer,Courtney Burke
2017,BOS,5,5,Sydney   Daniels,Jillian Dempsey
2017,MET,5,5,Madison Packer,Jenny Ryan
2017,MET,5,5,Miye D'Oench,Bray Ketchum
2017,BUF,4,5,Taylor Accursi,Sarah Casorso
2017,BUF,5,5,Sarah Shureb,Kaylyn  Schroka
2017,BUF,5,5,Taylor Accursi,Maddie  Elia
2017,CTW,5,5,Grace Klienbach,Kelly Babstock
2017,CTW,5,5,Sam Faber,Jamie Goldsmith
2017,MET,5,5,Alexa Gruschow,Miye D'Oench
2017,BUF,5,5,Corinne Buie,Kourtney Kunichika
2017,MET,4,5,Miye D'Oench,Courtney Burke
2017,MET,5,5,Alexa Gruschow,Miye D'Oench
2017,MET,4,5,Kelsey  Koelzer,Kiira Dosdall
2017,BUF,5,3,Taylor Accursi,Jess Jones
2017,MET,3,5,Rebecca Russo,Courtney Burke
2017,MET,3,4,Kelsey  Koelzer,Miye D'Oench
2017,MET,5,5,Bray Ketchum,Kelsey  Koelzer
2017,MET,5,5,Alexa Gruschow,Michelle Picard
2017,BUF,5,5,Katherine Donohue,Kristin Lewicki
2017,BUF,5,5,Kourtney Kunichika,Hayley  Scamurra
2017,MET,5,5,Jenny Ryan,Harrison Browne
2017,BUF,5,5,Hayley  Scamurra,Maddie  Elia
2017,MET,5,5,Alexa Gruschow,Courtney Burke
2017,MET,5,5,Miye D'Oench,Alexa Gruschow
2017,MET,5,5,Rebecca Russo,Harrison Browne
2017,BUF,5,5,Jess Jones,Kourtney Kunichika
2017,MET,5,5,Tatiana Rafter,Kelly Nash
2017,BUF,5,5,Kristin Lewicki,Kaylyn  Schroka
2017,MET,4,4,Kelly Nash,Kiira Dosdall
2017,MET,5,3,Miye D'Oench,Jenny Ryan
2017,MET,5,5,Rebecca Russo,Harrison Browne
2017,BUF,5,5,Jess Jones,Sarah  Edney
2017,BUF,5,5,Kristin Lewicki,Jordan  Ott
2017,CTW,5,5,Amanda Boulier,Cydney Roesler
2017,BUF,5,5,Hayley  Scamurra,Sarah  Edney
2017,CTW,5,5,Emily Fluke,Amanda Boulier
2017,BUF,5,5,Maddie  Elia,Kourtney Kunichika
2017,BUF,4,5,Taylor Accursi,Rebecca  Vint
2017,CTW,5,4,Sam Faber,Juana Baribeau
2017,BUF,5,5,Rebecca  Vint,Jordan  Juron
2017,CTW,5,5,Meghan   Huertas,Amanda Boulier
2017,BUF,5,5,Lisa Chesson,Taylor Accursi
2017,BUF,5,5,Kourtney Kunichika,Maddie  Elia
2017,CTW,5,5,Juana Baribeau,Shannon Doyle
2017,MET,4,5,Madison Packer,Rebecca Russo
2017,BUF,4,5,Hayley  Scamurra,Jordyn Burns
2017,BUF,5,4,Corinne Buie,Sarah Casorso
2017,MET,3,5,Madison Packer,Alexa Gruschow
2017,BUF,5,5,Maddie  Elia,Hayley  Scamurra
2017,BUF,4,5,Kaylyn  Schroka,NA
2017,BUF,5,5,Kristin Lewicki,Kourtney Kunichika
2017,MET,5,5,Harrison Browne,Tatiana Rafter
2017,BUF,5,5,Corinne Buie,Sarah Casorso
2017,BUF,5,5,Kristin Lewicki,Jess Jones
2017,MET,5,5,Madison Packer,Rebecca Russo
2017,CTW,5,5,Amanda Boulier,Emma Greco
2017,BUF,4,5,Sarah  Edney,Jess Jones
2017,BUF,5,5,Jordan  Juron,Jacquie Greco
2017,BUF,5,5,Hayley  Scamurra,Maddie  Elia
2017,BUF,6,5,Sarah  Edney,NA
2017,CTW,5,5,Kaycie Anderson,NA
2017,MET,4,5,Jenny Ryan,Alexa Gruschow
2017,MET,5,5,Rebecca Russo,Courtney Burke
2017,MET,5,5,Lauren Wash,Rebecca Russo
2017,MET,5,5,Tatiana Rafter,Kiira Dosdall
2017,MET,4,5,Rebecca Russo,Alexa Gruschow
2017,MET,5,5,Alexa Gruschow,Courtney Burke
2017,MET,5,5,Kelly Nash,Madison Packer
2017,MET,5,5,Miye D'Oench,Alexa Gruschow
2017,MET,5,4,Bray Ketchum,Madison Packer
2017,MET,5,5,Ashley Johnston,Miye D'Oench
2017,CTW,4,5,Jamie Goldsmith,Meghan   Huertas
2017,MET,5,5,Tatiana Rafter,Madison Packer
2017,MET,5,4,Courtney Burke,Jenny Ryan
2017,MET,5,5,Bray Ketchum,Kelsey  Koelzer
2017,MET,5,5,Rebecca Russo,Erika  Lawler
2017,MET,5,5,Tatiana Rafter,Madison Packer
2017,CTW,5,5,Meghan   Huertas,NA
2017,CTW,5,5,Kelly Babstock,Meghan   Huertas
2017,MET,4,5,Kelsey  Koelzer,Kiira Dosdall
2017,MET,4,5,Madison Packer,Alexa Gruschow
2017,MET,5,5,Madison Packer,Courtney Burke
2017,MET,5,4,Courtney Burke,Alexa Gruschow
2017,CTW,4,5,Amanda Boulier,Jordan Brickner
2017,MET,5,5,Bray Ketchum,Rebecca Russo
2017,CTW,5,5,Kelly Babstock,Amanda Boulier
2017,MET,5,4,Rebecca Russo,Madison Packer
2017,MET,5,5,Alexa Gruschow,Madison Packer
2018,MIN,5,4,Katie McGovern,Jonna  Curtis
2018,MIN,5,5,Hannah  Brandt,Kate Schipper
2018,MIN,5,5,Kate Schipper,Kendall Coyne Schofield
2018,MIN,4,6,Kendall Coyne Schofield,NA
2018,MIN,5,5,Amanda Boulier,Kate Schipper
2018,MET,4,5,Jenny Ryan,Amanda Kessel
2018,MIN,5,5,Jonna  Curtis,Allie Thunstrom
2018,MIN,5,5,Hannah  Brandt,Kate Schipper
2018,BUF,5,5,Maddie  Elia,Hayley  Scamurra
2018,BUF,5,5,Maddie  Elia,Dani Cameranesi
2018,BUF,5,5,Hayley  Scamurra,NA
2018,BUF,5,5,Hayley  Scamurra,Blake Bolden
2018,BUF,5,5,Savannah Harmon,Dani Cameranesi
2018,BUF,5,5,Annika Zalewski,Lisa Chesson
2018,BUF,5,5,Maddie  Elia,Hayley  Scamurra
2018,BUF,5,5,Annika Zalewski,Lisa Chesson
2018,BUF,5,5,Hayley  Scamurra,Dani Cameranesi
2018,BUF,5,5,Julianna  Iafallo,Maddie  Elia
2018,BUF,5,5,Corinne Buie,NA
2018,MET,5,5,Amanda Kessel,Rebecca Russo
2018,BOS,5,5,McKenna  Brand,NA
2018,BOS,5,5,Dana Trivigno,Haley Skarupa
2018,BOS,5,5,Haley Skarupa,Dana Trivigno
2018,BOS,5,5,Jillian Dempsey,Lexi Bender
2018,BOS,5,5,Emily Field,Lexi Bender
